name,phone,specialization,experience
John Smith,(555) 123-4567,Residential,15
John Smith,(555) 123-4567,Commercial,17
Emma Johnson,(555) 234-5678,Commercial,8
Michael Brown,(555) 345-6789,Luxury Homes,20
Sophia Davis,(555) 456-7890,First-Time Buyers,5
William Wilson,(555) 567-8901,Investment Properties,12
Olivia Martinez,(555) 678-9012,Vacation Rentals,7
James Taylor,(555) 789-0123,Condos,10
Ava Anderson,(555) 890-1234,Foreclosures,6
Benjamin Thomas,(555) 901-2345,New Construction,9
Mia Jackson,(555) 012-3456,Rural Properties,11
Charlotte White,(555) 987-6543,Residential,14
Daniel Harris,(555) 876-5432,Commercial,18
Emily Clark,(555) 765-4321,Luxury Homes,22
Alexander Lewis,(555) 654-3210,First-Time Buyers,4
Sofia Lee,(555) 543-2109,Investment Properties,13
Matthew Walker,(555) 432-1098,Vacation Rentals,9
Amelia Hall,(555) 321-0987,Condos,7
Joseph Allen,(555) 210-9876,Foreclosures,16
Evelyn Young,(555) 109-8765,New Construction,8
David King,(555) 098-7654,Rural Properties,19
Harper Scott,(555) 135-7924,Residential,6
Christopher Green,(555) 246-8035,Commercial,11
Abigail Baker,(555) 357-9146,Luxury Homes,17
Andrew Nelson,(555) 468-0257,First-Time Buyers,5
Elizabeth Carter,(555) 579-1368,Investment Properties,14
Ryan Mitchell,(555) 680-2479,Vacation Rentals,10
Scarlett Perez,(555) 791-3580,Condos,8
Nicholas Roberts,(555) 802-4691,Foreclosures,12
Grace Turner,(555) 913-5702,New Construction,7
Samuel Phillips,(555) 024-6813,Rural Properties,15
Chloe Campbell,(555) 147-2583,Residential,9
Jonathan Parker,(555) 258-3694,Commercial,13
Zoey Evans,(555) 369-4705,Luxury Homes,21
Christopher Edwards,(555) 470-5816,First-Time Buyers,6
Penelope Collins,(555) 581-6927,Investment Properties,16
Tyler Stewart,(555) 692-7038,Vacation Rentals,8
Audrey Sanchez,(555) 703-8149,Condos,11
Brandon Morris,(555) 814-9250,Foreclosures,14
Claire Rogers,(555) 925-0361,New Construction,7
Nathan Reed,(555) 036-1472,Rural Properties,18
Skylar Cook,(555) 159-3572,Residential,5
Isaac Morgan,(555) 260-4683,Commercial,12
Paisley Bell,(555) 371-5794,Luxury Homes,19
Luke Murphy,(555) 482-6805,First-Time Buyers,4
Hannah Bailey,(555) 593-7916,Investment Properties,15
Owen Rivera,(555) 604-8027,Vacation Rentals,9
Nora Cooper,(555) 715-9138,Condos,7
Gabriel Richardson,(555) 826-0249,Foreclosures,13
Lily Cox,(555) 937-1350,New Construction,6
Caleb Howard,(555) 048-2461,Rural Properties,17
Layla Ward,(555) 171-4683,Residential,8
Julian Torres,(555) 282-5794,Commercial,11
Zoe Peterson,(555) 393-6805,Luxury Homes,20
Connor Gray,(555) 504-7916,First-Time Buyers,5
Madelyn Ramirez,(555) 615-8027,Investment Properties,14
Lincoln James,(555) 726-9138,Vacation Rentals,7
Aubrey Watson,(555) 837-0249,Condos,10
Cameron Brooks,(555) 948-1350,Foreclosures,12
Autumn Kelly,(555) 059-2461,New Construction,8
Landon Sanders,(555) 160-3572,Rural Properties,16
Bella Price,(555) 271-4683,Residential,6
Jeremiah Bennett,(555) 382-5794,Commercial,13
Savannah Wood,(555) 493-6805,Luxury Homes,18
Easton Barnes,(555) 504-7916,First-Time Buyers,4
Arianna Ross,(555) 615-8027,Investment Properties,15
Robert Henderson,(555) 726-9138,Vacation Rentals,9
Valentina Coleman,(555) 837-0249,Condos,11
Axel Jenkins,(555) 948-1350,Foreclosures,14
Willow Perry,(555) 059-2461,New Construction,7
Grayson Powell,(555) 160-3572,Rural Properties,19
Ruby Long,(555) 271-4683,Residential,5
Leo Butler,(555) 382-5794,Commercial,12
Ivy Simmons,(555) 493-6805,Luxury Homes,20
Hudson Foster,(555) 504-7916,First-Time Buyers,6
Emilia Washington,(555) 615-8027,Investment Properties,15
Ezra Gonzales,(555) 726-9138,Vacation Rentals,8
Stella Bryant,(555) 837-0249,Condos,10
Luca Alexander,(555) 948-1350,Foreclosures,13
Nova Russell,(555) 059-2461,New Construction,7
Kai Griffin,(555) 160-3572,Rural Properties,17
Delilah Diaz,(555) 271-4683,Residential,9
Silas Hayes,(555) 382-5794,Commercial,11
Gianna Myers,(555) 493-6805,Luxury Homes,21
Levi Ford,(555) 504-7916,First-Time Buyers,4
Isabelle Hamilton,(555) 615-8027,Investment Properties,14
Asher Graham,(555) 726-9138,Vacation Rentals,8
Naomi Sullivan,(555) 837-0249,Condos,12
Elias Wallace,(555) 948-1350,Foreclosures,15
Athena Woods,(555) 059-2461,New Construction,6
Harrison West,(555) 160-3572,Rural Properties,18
Eden Cole,(555) 271-4683,Residential,7
Nolan Hawkins,(555) 382-5794,Commercial,13
Zuri Snyder,(555) 493-6805,Luxury Homes,19
Felix Cunningham,(555) 504-7916,First-Time Buyers,5
Tommy Mcroskey,(555) 615-8027,Investment Properties,16
Atlas Reeves,(555) 726-9138,Vacation Rentals,9
Mila Burns,(555) 837-0249,Condos,11
Atticus Gordon,(555) 948-1350,Foreclosures,14
Elliana Watkins,(555) 059-2461,New Construction,8
River Nichols,(555) 160-3572,Rural Properties,17
Aurora Olson,(555) 271-4683,Residential,6
